Zip Code,Area of 10 mins,Area of 30 mins,Area of 60 mins,Coors of 10 mins,Coors of 30 mins,Coors of 60 mins
20001,0.0001452009494187223,0.0001452009494187223,0.0001452009494187223,"[[-77.018555, 38.916965], [-77.0158, 38.916134], [-77.013794, 38.915047], [-77.013794, 38.913727], [-77.011795, 38.912537], [-77.010437, 38.910728], [-77.010361, 38.909729], [-77.014435, 38.905376], [-77.016045, 38.904968], [-77.018799, 38.902943], [-77.020386, 38.903728], [-77.02079, 38.90506], [-77.021797, 38.904758], [-77.023712, 38.906815], [-77.025795, 38.907932], [-77.027374, 38.909733], [-77.027176, 38.910728], [-77.025795, 38.912449], [-77.023842, 38.91378], [-77.021805, 38.916134], [-77.018555, 38.916965]]","[[-77.018555, 38.916965], [-77.0158, 38.916134], [-77.013794, 38.915047], [-77.013794, 38.913727], [-77.011795, 38.912537], [-77.010437, 38.910728], [-77.010361, 38.909729], [-77.014435, 38.905376], [-77.016045, 38.904968], [-77.018799, 38.902943], [-77.020386, 38.903728], [-77.02079, 38.90506], [-77.021797, 38.904758], [-77.023712, 38.906815], [-77.025795, 38.907932], [-77.027374, 38.909733], [-77.027176, 38.910728], [-77.025795, 38.912449], [-77.023842, 38.91378], [-77.021805, 38.916134], [-77.018555, 38.916965]]","[[-77.018555, 38.916965], [-77.0158, 38.916134], [-77.013794, 38.915047], [-77.013794, 38.913727], [-77.011795, 38.912537], [-77.010437, 38.910728], [-77.010361, 38.909729], [-77.014435, 38.905376], [-77.016045, 38.904968], [-77.018799, 38.902943], [-77.020386, 38.903728], [-77.02079, 38.90506], [-77.021797, 38.904758], [-77.023712, 38.906815], [-77.025795, 38.907932], [-77.027374, 38.909733], [-77.027176, 38.910728], [-77.025795, 38.912449], [-77.023842, 38.91378], [-77.021805, 38.916134], [-77.018555, 38.916965]]"
20002,0.0001480931853166112,0.0001480931853166112,0.0001480931853166112,"[[-76.984154, 38.910473], [-76.983803, 38.909809], [-76.981911, 38.90971], [-76.981155, 38.908852], [-76.980148, 38.909039], [-76.978882, 38.908199], [-76.978127, 38.908485], [-76.977165, 38.90646], [-76.975739, 38.905468], [-76.9757, 38.903465], [-76.976143, 38.902378], [-76.979149, 38.899887], [-76.980141, 38.900753], [-76.980743, 38.899467], [-76.985153, 38.897297], [-76.987457, 38.898155], [-76.990669, 38.900467], [-76.991417, 38.901466], [-76.991226, 38.903465], [-76.992134, 38.905468], [-76.990753, 38.907074], [-76.99015, 38.908859], [-76.989151, 38.90855], [-76.988152, 38.909767], [-76.984154, 38.910473]]","[[-76.984154, 38.910473], [-76.983803, 38.909809], [-76.981911, 38.90971], [-76.981155, 38.908852], [-76.980148, 38.909039], [-76.978882, 38.908199], [-76.978127, 38.908485], [-76.977165, 38.90646], [-76.975739, 38.905468], [-76.9757, 38.903465], [-76.976143, 38.902378], [-76.979149, 38.899887], [-76.980141, 38.900753], [-76.980743, 38.899467], [-76.985153, 38.897297], [-76.987457, 38.898155], [-76.990669, 38.900467], [-76.991417, 38.901466], [-76.991226, 38.903465], [-76.992134, 38.905468], [-76.990753, 38.907074], [-76.99015, 38.908859], [-76.989151, 38.90855], [-76.988152, 38.909767], [-76.984154, 38.910473]]","[[-76.984154, 38.910473], [-76.983803, 38.909809], [-76.981911, 38.90971], [-76.981155, 38.908852], [-76.980148, 38.909039], [-76.978882, 38.908199], [-76.978127, 38.908485], [-76.977165, 38.90646], [-76.975739, 38.905468], [-76.9757, 38.903465], [-76.976143, 38.902378], [-76.979149, 38.899887], [-76.980141, 38.900753], [-76.980743, 38.899467], [-76.985153, 38.897297], [-76.987457, 38.898155], [-76.990669, 38.900467], [-76.991417, 38.901466], [-76.991226, 38.903465], [-76.992134, 38.905468], [-76.990753, 38.907074], [-76.99015, 38.908859], [-76.989151, 38.90855], [-76.988152, 38.909767], [-76.984154, 38.910473]]"
20003,0.00014170079271025315,0.00014170079271025315,0.00014170079271025315,"[[-76.989807, 38.886921], [-76.986267, 38.884583], [-76.984352, 38.882378], [-76.983002, 38.881584], [-76.983147, 38.879551], [-76.98423, 38.877583], [-76.989548, 38.874989], [-76.990852, 38.873283], [-76.992149, 38.873219], [-76.993469, 38.874905], [-76.993149, 38.874779], [-76.993004, 38.875729], [-76.993599, 38.875584], [-76.993698, 38.875134], [-76.994507, 38.875221], [-76.999199, 38.879528], [-76.998695, 38.880581], [-76.99926, 38.881584], [-76.997459, 38.8829], [-76.996971, 38.884583], [-76.995918, 38.885361], [-76.994148, 38.886299], [-76.993149, 38.885838], [-76.991142, 38.887325], [-76.989807, 38.886921]]","[[-76.989807, 38.886921], [-76.986267, 38.884583], [-76.984352, 38.882378], [-76.983002, 38.881584], [-76.983147, 38.879551], [-76.98423, 38.877583], [-76.989548, 38.874989], [-76.990852, 38.873283], [-76.992149, 38.873219], [-76.993469, 38.874905], [-76.993149, 38.874779], [-76.993004, 38.875729], [-76.993599, 38.875584], [-76.993698, 38.875134], [-76.994507, 38.875221], [-76.999199, 38.879528], [-76.998695, 38.880581], [-76.99926, 38.881584], [-76.997459, 38.8829], [-76.996971, 38.884583], [-76.995918, 38.885361], [-76.994148, 38.886299], [-76.993149, 38.885838], [-76.991142, 38.887325], [-76.989807, 38.886921]]","[[-76.989807, 38.886921], [-76.986267, 38.884583], [-76.984352, 38.882378], [-76.983002, 38.881584], [-76.983147, 38.879551], [-76.98423, 38.877583], [-76.989548, 38.874989], [-76.990852, 38.873283], [-76.992149, 38.873219], [-76.993469, 38.874905], [-76.993149, 38.874779], [-76.993004, 38.875729], [-76.993599, 38.875584], [-76.993698, 38.875134], [-76.994507, 38.875221], [-76.999199, 38.879528], [-76.998695, 38.880581], [-76.99926, 38.881584], [-76.997459, 38.8829], [-76.996971, 38.884583], [-76.995918, 38.885361], [-76.994148, 38.886299], [-76.993149, 38.885838], [-76.991142, 38.887325], [-76.989807, 38.886921]]"
20004,0.00016066251737356652,0.00016066251737356652,0.00016066251737356652,"[[-77.024185, 38.902203], [-77.02021, 38.899174], [-77.019722, 38.898174], [-77.017326, 38.896175], [-77.017891, 38.893173], [-77.017242, 38.892174], [-77.020317, 38.891289], [-77.020462, 38.890175], [-77.023216, 38.888596], [-77.024208, 38.888477], [-77.026215, 38.889648], [-77.028214, 38.888588], [-77.030136, 38.890175], [-77.030121, 38.891262], [-77.03231, 38.892075], [-77.033096, 38.894169], [-77.034035, 38.894348], [-77.034813, 38.895172], [-77.034554, 38.896175], [-77.034119, 38.897083], [-77.033211, 38.897449], [-77.032211, 38.898613], [-77.031212, 38.898529], [-77.03019, 38.90015], [-77.026215, 38.903076], [-77.024185, 38.902203]]","[[-77.024185, 38.902203], [-77.02021, 38.899174], [-77.019722, 38.898174], [-77.017326, 38.896175], [-77.017891, 38.893173], [-77.017242, 38.892174], [-77.020317, 38.891289], [-77.020462, 38.890175], [-77.023216, 38.888596], [-77.024208, 38.888477], [-77.026215, 38.889648], [-77.028214, 38.888588], [-77.030136, 38.890175], [-77.030121, 38.891262], [-77.03231, 38.892075], [-77.033096, 38.894169], [-77.034035, 38.894348], [-77.034813, 38.895172], [-77.034554, 38.896175], [-77.034119, 38.897083], [-77.033211, 38.897449], [-77.032211, 38.898613], [-77.031212, 38.898529], [-77.03019, 38.90015], [-77.026215, 38.903076], [-77.024185, 38.902203]]","[[-77.024185, 38.902203], [-77.02021, 38.899174], [-77.019722, 38.898174], [-77.017326, 38.896175], [-77.017891, 38.893173], [-77.017242, 38.892174], [-77.020317, 38.891289], [-77.020462, 38.890175], [-77.023216, 38.888596], [-77.024208, 38.888477], [-77.026215, 38.889648], [-77.028214, 38.888588], [-77.030136, 38.890175], [-77.030121, 38.891262], [-77.03231, 38.892075], [-77.033096, 38.894169], [-77.034035, 38.894348], [-77.034813, 38.895172], [-77.034554, 38.896175], [-77.034119, 38.897083], [-77.033211, 38.897449], [-77.032211, 38.898613], [-77.031212, 38.898529], [-77.03019, 38.90015], [-77.026215, 38.903076], [-77.024185, 38.902203]]"
20005,0.000187068595096207,0.000187068595096207,0.000187068595096207,"[[-77.031425, 38.912598], [-77.027138, 38.910885], [-77.022438, 38.905205], [-77.022202, 38.904202], [-77.022278, 38.903202], [-77.023827, 38.901562], [-77.024818, 38.901356], [-77.027817, 38.899513], [-77.028824, 38.899368], [-77.031822, 38.897484], [-77.033821, 38.897892], [-77.034821, 38.898716], [-77.036697, 38.899326], [-77.039627, 38.902203], [-77.041077, 38.905197], [-77.040993, 38.906208], [-77.039459, 38.908203], [-77.037277, 38.909664], [-77.036819, 38.910412], [-77.031822, 38.912815], [-77.031425, 38.912598]]","[[-77.031425, 38.912598], [-77.027138, 38.910885], [-77.022438, 38.905205], [-77.022202, 38.904202], [-77.022278, 38.903202], [-77.023827, 38.901562], [-77.024818, 38.901356], [-77.027817, 38.899513], [-77.028824, 38.899368], [-77.031822, 38.897484], [-77.033821, 38.897892], [-77.034821, 38.898716], [-77.036697, 38.899326], [-77.039627, 38.902203], [-77.041077, 38.905197], [-77.040993, 38.906208], [-77.039459, 38.908203], [-77.037277, 38.909664], [-77.036819, 38.910412], [-77.031822, 38.912815], [-77.031425, 38.912598]]","[[-77.031425, 38.912598], [-77.027138, 38.910885], [-77.022438, 38.905205], [-77.022202, 38.904202], [-77.022278, 38.903202], [-77.023827, 38.901562], [-77.024818, 38.901356], [-77.027817, 38.899513], [-77.028824, 38.899368], [-77.031822, 38.897484], [-77.033821, 38.897892], [-77.034821, 38.898716], [-77.036697, 38.899326], [-77.039627, 38.902203], [-77.041077, 38.905197], [-77.040993, 38.906208], [-77.039459, 38.908203], [-77.037277, 38.909664], [-77.036819, 38.910412], [-77.031822, 38.912815], [-77.031425, 38.912598]]"
20006,0.00015576979649267741,0.00015576979649267741,0.00015576979649267741,"[[-77.041618, 38.905098], [-77.041046, 38.904301], [-77.040047, 38.904293], [-77.0392, 38.903519], [-77.03804, 38.903339], [-77.03495, 38.900677], [-77.033821, 38.898903], [-77.035034, 38.89801], [-77.037155, 38.897785], [-77.037193, 38.896523], [-77.035049, 38.896111], [-77.034836, 38.894676], [-77.037231, 38.89386], [-77.036758, 38.892677], [-77.040047, 38.890903], [-77.044258, 38.89146], [-77.046043, 38.893543], [-77.047035, 38.893692], [-77.047806, 38.894913], [-77.049873, 38.89584], [-77.051163, 38.897675], [-77.047806, 38.902676], [-77.047043, 38.903164], [-77.046043, 38.903183], [-77.045044, 38.904037], [-77.044044, 38.903961], [-77.042046, 38.905605], [-77.041618, 38.905098]]","[[-77.041618, 38.905098], [-77.041046, 38.904301], [-77.040047, 38.904293], [-77.0392, 38.903519], [-77.03804, 38.903339], [-77.03495, 38.900677], [-77.033821, 38.898903], [-77.035034, 38.89801], [-77.037155, 38.897785], [-77.037193, 38.896523], [-77.035049, 38.896111], [-77.034836, 38.894676], [-77.037231, 38.89386], [-77.036758, 38.892677], [-77.040047, 38.890903], [-77.044258, 38.89146], [-77.046043, 38.893543], [-77.047035, 38.893692], [-77.047806, 38.894913], [-77.049873, 38.89584], [-77.051163, 38.897675], [-77.047806, 38.902676], [-77.047043, 38.903164], [-77.046043, 38.903183], [-77.045044, 38.904037], [-77.044044, 38.903961], [-77.042046, 38.905605], [-77.041618, 38.905098]]","[[-77.041618, 38.905098], [-77.041046, 38.904301], [-77.040047, 38.904293], [-77.0392, 38.903519], [-77.03804, 38.903339], [-77.03495, 38.900677], [-77.033821, 38.898903], [-77.035034, 38.89801], [-77.037155, 38.897785], [-77.037193, 38.896523], [-77.035049, 38.896111], [-77.034836, 38.894676], [-77.037231, 38.89386], [-77.036758, 38.892677], [-77.040047, 38.890903], [-77.044258, 38.89146], [-77.046043, 38.893543], [-77.047035, 38.893692], [-77.047806, 38.894913], [-77.049873, 38.89584], [-77.051163, 38.897675], [-77.047806, 38.902676], [-77.047043, 38.903164], [-77.046043, 38.903183], [-77.045044, 38.904037], [-77.044044, 38.903961], [-77.042046, 38.905605], [-77.041618, 38.905098]]"
20007,7.105995041456481e-05,7.105995041456481e-05,7.105995041456481e-05,"[[-77.076118, 38.919167], [-77.075478, 38.917805], [-77.07431, 38.917339], [-77.073303, 38.917858], [-77.069252, 38.914928], [-77.070251, 38.912926], [-77.071381, 38.911976], [-77.072929, 38.91161], [-77.073311, 38.910351], [-77.07431, 38.909462], [-77.078308, 38.910503], [-77.078827, 38.911461], [-77.079826, 38.91198], [-77.080688, 38.912979], [-77.079651, 38.913979], [-77.081589, 38.916981], [-77.081306, 38.917332], [-77.077927, 38.91798], [-77.077301, 38.919373], [-77.076118, 38.919167]]","[[-77.076118, 38.919167], [-77.075478, 38.917805], [-77.07431, 38.917339], [-77.073303, 38.917858], [-77.069252, 38.914928], [-77.070251, 38.912926], [-77.071381, 38.911976], [-77.072929, 38.91161], [-77.073311, 38.910351], [-77.07431, 38.909462], [-77.078308, 38.910503], [-77.078827, 38.911461], [-77.079826, 38.91198], [-77.080688, 38.912979], [-77.079651, 38.913979], [-77.081589, 38.916981], [-77.081306, 38.917332], [-77.077927, 38.91798], [-77.077301, 38.919373], [-77.076118, 38.919167]]","[[-77.076118, 38.919167], [-77.075478, 38.917805], [-77.07431, 38.917339], [-77.073303, 38.917858], [-77.069252, 38.914928], [-77.070251, 38.912926], [-77.071381, 38.911976], [-77.072929, 38.91161], [-77.073311, 38.910351], [-77.07431, 38.909462], [-77.078308, 38.910503], [-77.078827, 38.911461], [-77.079826, 38.91198], [-77.080688, 38.912979], [-77.079651, 38.913979], [-77.081589, 38.916981], [-77.081306, 38.917332], [-77.077927, 38.91798], [-77.077301, 38.919373], [-77.076118, 38.919167]]"
20008,0.0001148192495747935,0.0001148192495747935,0.0001148192495747935,"[[-77.061127, 38.94376], [-77.05748, 38.941566], [-77.056854, 38.940567], [-77.059319, 38.939861], [-77.059387, 38.939491], [-77.05632, 38.939308], [-77.052948, 38.938568], [-77.05452, 38.937565], [-77.052864, 38.937023], [-77.05265, 38.936226], [-77.050667, 38.934566], [-77.051315, 38.933296], [-77.052315, 38.933125], [-77.053322, 38.934063], [-77.054474, 38.933723], [-77.055573, 38.932568], [-77.055092, 38.931351], [-77.055305, 38.930294], [-77.057632, 38.930565], [-77.058311, 38.932789], [-77.061317, 38.933186], [-77.062187, 38.933697], [-77.062943, 38.934566], [-77.062355, 38.93557], [-77.065315, 38.936172], [-77.066322, 38.935699], [-77.068169, 38.937569], [-77.067879, 38.938568], [-77.068375, 38.939568], [-77.067322, 38.940514], [-77.063179, 38.941433], [-77.063057, 38.942825], [-77.064384, 38.94363], [-77.063316, 38.944328], [-77.061127, 38.94376]]","[[-77.061127, 38.94376], [-77.05748, 38.941566], [-77.056854, 38.940567], [-77.059319, 38.939861], [-77.059387, 38.939491], [-77.05632, 38.939308], [-77.052948, 38.938568], [-77.05452, 38.937565], [-77.052864, 38.937023], [-77.05265, 38.936226], [-77.050667, 38.934566], [-77.051315, 38.933296], [-77.052315, 38.933125], [-77.053322, 38.934063], [-77.054474, 38.933723], [-77.055573, 38.932568], [-77.055092, 38.931351], [-77.055305, 38.930294], [-77.057632, 38.930565], [-77.058311, 38.932789], [-77.061317, 38.933186], [-77.062187, 38.933697], [-77.062943, 38.934566], [-77.062355, 38.93557], [-77.065315, 38.936172], [-77.066322, 38.935699], [-77.068169, 38.937569], [-77.067879, 38.938568], [-77.068375, 38.939568], [-77.067322, 38.940514], [-77.063179, 38.941433], [-77.063057, 38.942825], [-77.064384, 38.94363], [-77.063316, 38.944328], [-77.061127, 38.94376]]","[[-77.061127, 38.94376], [-77.05748, 38.941566], [-77.056854, 38.940567], [-77.059319, 38.939861], [-77.059387, 38.939491], [-77.05632, 38.939308], [-77.052948, 38.938568], [-77.05452, 38.937565], [-77.052864, 38.937023], [-77.05265, 38.936226], [-77.050667, 38.934566], [-77.051315, 38.933296], [-77.052315, 38.933125], [-77.053322, 38.934063], [-77.054474, 38.933723], [-77.055573, 38.932568], [-77.055092, 38.931351], [-77.055305, 38.930294], [-77.057632, 38.930565], [-77.058311, 38.932789], [-77.061317, 38.933186], [-77.062187, 38.933697], [-77.062943, 38.934566], [-77.062355, 38.93557], [-77.065315, 38.936172], [-77.066322, 38.935699], [-77.068169, 38.937569], [-77.067879, 38.938568], [-77.068375, 38.939568], [-77.067322, 38.940514], [-77.063179, 38.941433], [-77.063057, 38.942825], [-77.064384, 38.94363], [-77.063316, 38.944328], [-77.061127, 38.94376]]"
20009,0.00013016945149502135,0.00013016945149502135,0.00013016945149502135,"[[-77.035645, 38.927219], [-77.034866, 38.92598], [-77.033867, 38.925259], [-77.032066, 38.924801], [-77.031235, 38.924007], [-77.031784, 38.923008], [-77.031593, 38.922268], [-77.029762, 38.921005], [-77.029129, 38.919003], [-77.03286, 38.915783], [-77.033539, 38.915668], [-77.034454, 38.914597], [-77.036865, 38.913143], [-77.037865, 38.914131], [-77.039047, 38.914005], [-77.03978, 38.915085], [-77.040863, 38.915691], [-77.041862, 38.915466], [-77.0429, 38.916], [-77.043762, 38.918003], [-77.042915, 38.919003], [-77.043625, 38.920002], [-77.042412, 38.921562], [-77.041862, 38.924137], [-77.038673, 38.926003], [-77.037521, 38.927345], [-77.036865, 38.927662], [-77.035645, 38.927219]]","[[-77.035645, 38.927219], [-77.034866, 38.92598], [-77.033867, 38.925259], [-77.032066, 38.924801], [-77.031235, 38.924007], [-77.031784, 38.923008], [-77.031593, 38.922268], [-77.029762, 38.921005], [-77.029129, 38.919003], [-77.03286, 38.915783], [-77.033539, 38.915668], [-77.034454, 38.914597], [-77.036865, 38.913143], [-77.037865, 38.914131], [-77.039047, 38.914005], [-77.03978, 38.915085], [-77.040863, 38.915691], [-77.041862, 38.915466], [-77.0429, 38.916], [-77.043762, 38.918003], [-77.042915, 38.919003], [-77.043625, 38.920002], [-77.042412, 38.921562], [-77.041862, 38.924137], [-77.038673, 38.926003], [-77.037521, 38.927345], [-77.036865, 38.927662], [-77.035645, 38.927219]]","[[-77.035645, 38.927219], [-77.034866, 38.92598], [-77.033867, 38.925259], [-77.032066, 38.924801], [-77.031235, 38.924007], [-77.031784, 38.923008], [-77.031593, 38.922268], [-77.029762, 38.921005], [-77.029129, 38.919003], [-77.03286, 38.915783], [-77.033539, 38.915668], [-77.034454, 38.914597], [-77.036865, 38.913143], [-77.037865, 38.914131], [-77.039047, 38.914005], [-77.03978, 38.915085], [-77.040863, 38.915691], [-77.041862, 38.915466], [-77.0429, 38.916], [-77.043762, 38.918003], [-77.042915, 38.919003], [-77.043625, 38.920002], [-77.042412, 38.921562], [-77.041862, 38.924137], [-77.038673, 38.926003], [-77.037521, 38.927345], [-77.036865, 38.927662], [-77.035645, 38.927219]]"
20010,0.0001472135481890291,0.0001472135481890291,0.0001472135481890291,"[[-77.029045, 38.94051], [-77.028275, 38.940002], [-77.027275, 38.940079], [-77.025322, 38.937229], [-77.02401, 38.936283], [-77.022385, 38.933281], [-77.023315, 38.931332], [-77.025269, 38.930134], [-77.026268, 38.92828], [-77.029274, 38.926033], [-77.030273, 38.926109], [-77.031273, 38.926956], [-77.032272, 38.926708], [-77.03524, 38.928284], [-77.034355, 38.929283], [-77.035995, 38.930283], [-77.037613, 38.932281], [-77.037849, 38.933281], [-77.037384, 38.934284], [-77.037666, 38.935284], [-77.03627, 38.937668], [-77.03614, 38.937412], [-77.034653, 38.937668], [-77.034271, 38.938629], [-77.032684, 38.939701], [-77.031273, 38.939465], [-77.029274, 38.940731], [-77.029045, 38.94051]]","[[-77.029045, 38.94051], [-77.028275, 38.940002], [-77.027275, 38.940079], [-77.025322, 38.937229], [-77.02401, 38.936283], [-77.022385, 38.933281], [-77.023315, 38.931332], [-77.025269, 38.930134], [-77.026268, 38.92828], [-77.029274, 38.926033], [-77.030273, 38.926109], [-77.031273, 38.926956], [-77.032272, 38.926708], [-77.03524, 38.928284], [-77.034355, 38.929283], [-77.035995, 38.930283], [-77.037613, 38.932281], [-77.037849, 38.933281], [-77.037384, 38.934284], [-77.037666, 38.935284], [-77.03627, 38.937668], [-77.03614, 38.937412], [-77.034653, 38.937668], [-77.034271, 38.938629], [-77.032684, 38.939701], [-77.031273, 38.939465], [-77.029274, 38.940731], [-77.029045, 38.94051]]","[[-77.029045, 38.94051], [-77.028275, 38.940002], [-77.027275, 38.940079], [-77.025322, 38.937229], [-77.02401, 38.936283], [-77.022385, 38.933281], [-77.023315, 38.931332], [-77.025269, 38.930134], [-77.026268, 38.92828], [-77.029274, 38.926033], [-77.030273, 38.926109], [-77.031273, 38.926956], [-77.032272, 38.926708], [-77.03524, 38.928284], [-77.034355, 38.929283], [-77.035995, 38.930283], [-77.037613, 38.932281], [-77.037849, 38.933281], [-77.037384, 38.934284], [-77.037666, 38.935284], [-77.03627, 38.937668], [-77.03614, 38.937412], [-77.034653, 38.937668], [-77.034271, 38.938629], [-77.032684, 38.939701], [-77.031273, 38.939465], [-77.029274, 38.940731], [-77.029045, 38.94051]]"
20011,0.00017278005771004246,0.00017278005771004246,0.00017278005771004246,"[[-77.0243, 38.961628], [-77.021332, 38.960598], [-77.020409, 38.959442], [-77.019402, 38.959335], [-77.018394, 38.958168], [-77.014954, 38.95652], [-77.013321, 38.954517], [-77.021408, 38.947407], [-77.023407, 38.946632], [-77.028999, 38.949928], [-77.03186, 38.952522], [-77.033249, 38.954521], [-77.030952, 38.957523], [-77.028595, 38.959522], [-77.027405, 38.95932], [-77.026489, 38.960609], [-77.0243, 38.961628]]","[[-77.0243, 38.961628], [-77.021332, 38.960598], [-77.020409, 38.959442], [-77.019402, 38.959335], [-77.018394, 38.958168], [-77.014954, 38.95652], [-77.013321, 38.954517], [-77.021408, 38.947407], [-77.023407, 38.946632], [-77.028999, 38.949928], [-77.03186, 38.952522], [-77.033249, 38.954521], [-77.030952, 38.957523], [-77.028595, 38.959522], [-77.027405, 38.95932], [-77.026489, 38.960609], [-77.0243, 38.961628]]","[[-77.0243, 38.961628], [-77.021332, 38.960598], [-77.020409, 38.959442], [-77.019402, 38.959335], [-77.018394, 38.958168], [-77.014954, 38.95652], [-77.013321, 38.954517], [-77.021408, 38.947407], [-77.023407, 38.946632], [-77.028999, 38.949928], [-77.03186, 38.952522], [-77.033249, 38.954521], [-77.030952, 38.957523], [-77.028595, 38.959522], [-77.027405, 38.95932], [-77.026489, 38.960609], [-77.0243, 38.961628]]"
20012,9.507013032816758e-05,9.507013032816758e-05,9.507013032816758e-05,"[[-77.036194, 38.985031], [-77.034393, 38.983788], [-77.033394, 38.984344], [-77.030708, 38.98251], [-77.028694, 38.982513], [-77.026688, 38.979832], [-77.02739, 38.977592], [-77.030388, 38.977108], [-77.030983, 38.975426], [-77.03257, 38.97501], [-77.033165, 38.973602], [-77.034393, 38.973557], [-77.035393, 38.974133], [-77.036392, 38.972286], [-77.038261, 38.978958], [-77.040977, 38.97924], [-77.042305, 38.979832], [-77.041, 38.98045], [-77.039154, 38.980606], [-77.038681, 38.981831], [-77.038841, 38.983288], [-77.036194, 38.985031]]","[[-77.036194, 38.985031], [-77.034393, 38.983788], [-77.033394, 38.984344], [-77.030708, 38.98251], [-77.028694, 38.982513], [-77.026688, 38.979832], [-77.02739, 38.977592], [-77.030388, 38.977108], [-77.030983, 38.975426], [-77.03257, 38.97501], [-77.033165, 38.973602], [-77.034393, 38.973557], [-77.035393, 38.974133], [-77.036392, 38.972286], [-77.038261, 38.978958], [-77.040977, 38.97924], [-77.042305, 38.979832], [-77.041, 38.98045], [-77.039154, 38.980606], [-77.038681, 38.981831], [-77.038841, 38.983288], [-77.036194, 38.985031]]","[[-77.036194, 38.985031], [-77.034393, 38.983788], [-77.033394, 38.984344], [-77.030708, 38.98251], [-77.028694, 38.982513], [-77.026688, 38.979832], [-77.02739, 38.977592], [-77.030388, 38.977108], [-77.030983, 38.975426], [-77.03257, 38.97501], [-77.033165, 38.973602], [-77.034393, 38.973557], [-77.035393, 38.974133], [-77.036392, 38.972286], [-77.038261, 38.978958], [-77.040977, 38.97924], [-77.042305, 38.979832], [-77.041, 38.98045], [-77.039154, 38.980606], [-77.038681, 38.981831], [-77.038841, 38.983288], [-77.036194, 38.985031]]"
20015,0.00015853672312005074,0.00015853672312005074,0.00015853672312005074,"[[-77.064186, 38.973999], [-77.062607, 38.973579], [-77.061295, 38.972179], [-77.05925, 38.971939], [-77.059074, 38.970901], [-77.057289, 38.970314], [-77.055618, 38.970577], [-77.05452, 38.969906], [-77.055611, 38.968903], [-77.054565, 38.967903], [-77.055878, 38.966488], [-77.055679, 38.963902], [-77.056068, 38.962902], [-77.058655, 38.962269], [-77.059494, 38.960903], [-77.062294, 38.959778], [-77.063293, 38.960182], [-77.064293, 38.959312], [-77.065292, 38.960041], [-77.067184, 38.960011], [-77.067558, 38.960903], [-77.067261, 38.961903], [-77.071106, 38.964901], [-77.070786, 38.9659], [-77.071442, 38.967052], [-77.070671, 38.967903], [-77.070992, 38.968903], [-77.070297, 38.969597], [-77.06852, 38.970901], [-77.066597, 38.97121], [-77.065292, 38.973709], [-77.064186, 38.973999]]","[[-77.064186, 38.973999], [-77.062607, 38.973579], [-77.061295, 38.972179], [-77.05925, 38.971939], [-77.059074, 38.970901], [-77.057289, 38.970314], [-77.055618, 38.970577], [-77.05452, 38.969906], [-77.055611, 38.968903], [-77.054565, 38.967903], [-77.055878, 38.966488], [-77.055679, 38.963902], [-77.056068, 38.962902], [-77.058655, 38.962269], [-77.059494, 38.960903], [-77.062294, 38.959778], [-77.063293, 38.960182], [-77.064293, 38.959312], [-77.065292, 38.960041], [-77.067184, 38.960011], [-77.067558, 38.960903], [-77.067261, 38.961903], [-77.071106, 38.964901], [-77.070786, 38.9659], [-77.071442, 38.967052], [-77.070671, 38.967903], [-77.070992, 38.968903], [-77.070297, 38.969597], [-77.06852, 38.970901], [-77.066597, 38.97121], [-77.065292, 38.973709], [-77.064186, 38.973999]]","[[-77.064186, 38.973999], [-77.062607, 38.973579], [-77.061295, 38.972179], [-77.05925, 38.971939], [-77.059074, 38.970901], [-77.057289, 38.970314], [-77.055618, 38.970577], [-77.05452, 38.969906], [-77.055611, 38.968903], [-77.054565, 38.967903], [-77.055878, 38.966488], [-77.055679, 38.963902], [-77.056068, 38.962902], [-77.058655, 38.962269], [-77.059494, 38.960903], [-77.062294, 38.959778], [-77.063293, 38.960182], [-77.064293, 38.959312], [-77.065292, 38.960041], [-77.067184, 38.960011], [-77.067558, 38.960903], [-77.067261, 38.961903], [-77.071106, 38.964901], [-77.070786, 38.9659], [-77.071442, 38.967052], [-77.070671, 38.967903], [-77.070992, 38.968903], [-77.070297, 38.969597], [-77.06852, 38.970901], [-77.066597, 38.97121], [-77.065292, 38.973709], [-77.064186, 38.973999]]"
20016,0.00012027776915601862,0.00012027776915601862,0.00012027776915601862,"[[-77.090393, 38.946461], [-77.087715, 38.94413], [-77.086052, 38.943455], [-77.085274, 38.941456], [-77.085678, 38.940163], [-77.085114, 38.938454], [-77.085602, 38.937656], [-77.086395, 38.937168], [-77.087395, 38.937714], [-77.088562, 38.937294], [-77.089287, 38.937561], [-77.089401, 38.938232], [-77.089493, 38.937546], [-77.090965, 38.937885], [-77.0914, 38.938553], [-77.091919, 38.936981], [-77.093399, 38.936554], [-77.094398, 38.937], [-77.095581, 38.936638], [-77.095688, 38.936157], [-77.09481, 38.935455], [-77.095291, 38.935349], [-77.097321, 38.935455], [-77.097778, 38.936069], [-77.100395, 38.936935], [-77.100708, 38.940773], [-77.097206, 38.944263], [-77.096642, 38.945705], [-77.094147, 38.946209], [-77.0924, 38.947041], [-77.0914, 38.946201], [-77.090393, 38.946461]]","[[-77.090393, 38.946461], [-77.087715, 38.94413], [-77.086052, 38.943455], [-77.085274, 38.941456], [-77.085678, 38.940163], [-77.085114, 38.938454], [-77.085602, 38.937656], [-77.086395, 38.937168], [-77.087395, 38.937714], [-77.088562, 38.937294], [-77.089287, 38.937561], [-77.089401, 38.938232], [-77.089493, 38.937546], [-77.090965, 38.937885], [-77.0914, 38.938553], [-77.091919, 38.936981], [-77.093399, 38.936554], [-77.094398, 38.937], [-77.095581, 38.936638], [-77.095688, 38.936157], [-77.09481, 38.935455], [-77.095291, 38.935349], [-77.097321, 38.935455], [-77.097778, 38.936069], [-77.100395, 38.936935], [-77.100708, 38.940773], [-77.097206, 38.944263], [-77.096642, 38.945705], [-77.094147, 38.946209], [-77.0924, 38.947041], [-77.0914, 38.946201], [-77.090393, 38.946461]]","[[-77.090393, 38.946461], [-77.087715, 38.94413], [-77.086052, 38.943455], [-77.085274, 38.941456], [-77.085678, 38.940163], [-77.085114, 38.938454], [-77.085602, 38.937656], [-77.086395, 38.937168], [-77.087395, 38.937714], [-77.088562, 38.937294], [-77.089287, 38.937561], [-77.089401, 38.938232], [-77.089493, 38.937546], [-77.090965, 38.937885], [-77.0914, 38.938553], [-77.091919, 38.936981], [-77.093399, 38.936554], [-77.094398, 38.937], [-77.095581, 38.936638], [-77.095688, 38.936157], [-77.09481, 38.935455], [-77.095291, 38.935349], [-77.097321, 38.935455], [-77.097778, 38.936069], [-77.100395, 38.936935], [-77.100708, 38.940773], [-77.097206, 38.944263], [-77.096642, 38.945705], [-77.094147, 38.946209], [-77.0924, 38.947041], [-77.0914, 38.946201], [-77.090393, 38.946461]]"
20017,0.00012921080997330137,0.00012921080997330137,0.00012921080997330137,"[[-76.990982, 38.945213], [-76.991058, 38.944134], [-76.990273, 38.944408], [-76.989021, 38.943348], [-76.986023, 38.942341], [-76.985138, 38.941166], [-76.986084, 38.940163], [-76.985977, 38.939114], [-76.986702, 38.93716], [-76.986145, 38.936161], [-76.986412, 38.935162], [-76.987511, 38.934658], [-76.992027, 38.930725], [-76.993027, 38.93071], [-76.995026, 38.932156], [-76.996025, 38.931702], [-76.997704, 38.932476], [-76.997627, 38.933769], [-76.996017, 38.935757], [-76.995026, 38.93494], [-76.994789, 38.936161], [-76.995872, 38.936314], [-76.995811, 38.937157], [-76.997368, 38.939808], [-76.99955, 38.940163], [-77.00074, 38.941162], [-76.998802, 38.941944], [-76.998108, 38.943245], [-76.997688, 38.943161], [-76.997192, 38.94199], [-76.99617, 38.942162], [-76.99588, 38.944164], [-76.994232, 38.94437], [-76.993027, 38.945305], [-76.990982, 38.945213]]","[[-76.990982, 38.945213], [-76.991058, 38.944134], [-76.990273, 38.944408], [-76.989021, 38.943348], [-76.986023, 38.942341], [-76.985138, 38.941166], [-76.986084, 38.940163], [-76.985977, 38.939114], [-76.986702, 38.93716], [-76.986145, 38.936161], [-76.986412, 38.935162], [-76.987511, 38.934658], [-76.992027, 38.930725], [-76.993027, 38.93071], [-76.995026, 38.932156], [-76.996025, 38.931702], [-76.997704, 38.932476], [-76.997627, 38.933769], [-76.996017, 38.935757], [-76.995026, 38.93494], [-76.994789, 38.936161], [-76.995872, 38.936314], [-76.995811, 38.937157], [-76.997368, 38.939808], [-76.99955, 38.940163], [-77.00074, 38.941162], [-76.998802, 38.941944], [-76.998108, 38.943245], [-76.997688, 38.943161], [-76.997192, 38.94199], [-76.99617, 38.942162], [-76.99588, 38.944164], [-76.994232, 38.94437], [-76.993027, 38.945305], [-76.990982, 38.945213]]","[[-76.990982, 38.945213], [-76.991058, 38.944134], [-76.990273, 38.944408], [-76.989021, 38.943348], [-76.986023, 38.942341], [-76.985138, 38.941166], [-76.986084, 38.940163], [-76.985977, 38.939114], [-76.986702, 38.93716], [-76.986145, 38.936161], [-76.986412, 38.935162], [-76.987511, 38.934658], [-76.992027, 38.930725], [-76.993027, 38.93071], [-76.995026, 38.932156], [-76.996025, 38.931702], [-76.997704, 38.932476], [-76.997627, 38.933769], [-76.996017, 38.935757], [-76.995026, 38.93494], [-76.994789, 38.936161], [-76.995872, 38.936314], [-76.995811, 38.937157], [-76.997368, 38.939808], [-76.99955, 38.940163], [-77.00074, 38.941162], [-76.998802, 38.941944], [-76.998108, 38.943245], [-76.997688, 38.943161], [-76.997192, 38.94199], [-76.99617, 38.942162], [-76.99588, 38.944164], [-76.994232, 38.94437], [-76.993027, 38.945305], [-76.990982, 38.945213]]"
20018,0.00013916068496655498,0.00013916068496655498,0.00013916068496655498,"[[-76.970299, 38.934757], [-76.969421, 38.933807], [-76.967407, 38.933792], [-76.965408, 38.932407], [-76.964409, 38.932823], [-76.963478, 38.931637], [-76.964195, 38.930637], [-76.964073, 38.924633], [-76.966415, 38.923775], [-76.967415, 38.92469], [-76.969421, 38.924953], [-76.970322, 38.923538], [-76.97242, 38.922043], [-76.974419, 38.923023], [-76.975418, 38.924232], [-76.976524, 38.92453], [-76.977394, 38.925636], [-76.977219, 38.92683], [-76.9795, 38.927635], [-76.977928, 38.929638], [-76.978668, 38.930637], [-76.976395, 38.932613], [-76.975182, 38.934635], [-76.974426, 38.935085], [-76.973419, 38.934711], [-76.97242, 38.935539], [-76.970299, 38.934757]]","[[-76.970299, 38.934757], [-76.969421, 38.933807], [-76.967407, 38.933792], [-76.965408, 38.932407], [-76.964409, 38.932823], [-76.963478, 38.931637], [-76.964195, 38.930637], [-76.964073, 38.924633], [-76.966415, 38.923775], [-76.967415, 38.92469], [-76.969421, 38.924953], [-76.970322, 38.923538], [-76.97242, 38.922043], [-76.974419, 38.923023], [-76.975418, 38.924232], [-76.976524, 38.92453], [-76.977394, 38.925636], [-76.977219, 38.92683], [-76.9795, 38.927635], [-76.977928, 38.929638], [-76.978668, 38.930637], [-76.976395, 38.932613], [-76.975182, 38.934635], [-76.974426, 38.935085], [-76.973419, 38.934711], [-76.97242, 38.935539], [-76.970299, 38.934757]]","[[-76.970299, 38.934757], [-76.969421, 38.933807], [-76.967407, 38.933792], [-76.965408, 38.932407], [-76.964409, 38.932823], [-76.963478, 38.931637], [-76.964195, 38.930637], [-76.964073, 38.924633], [-76.966415, 38.923775], [-76.967415, 38.92469], [-76.969421, 38.924953], [-76.970322, 38.923538], [-76.97242, 38.922043], [-76.974419, 38.923023], [-76.975418, 38.924232], [-76.976524, 38.92453], [-76.977394, 38.925636], [-76.977219, 38.92683], [-76.9795, 38.927635], [-76.977928, 38.929638], [-76.978668, 38.930637], [-76.976395, 38.932613], [-76.975182, 38.934635], [-76.974426, 38.935085], [-76.973419, 38.934711], [-76.97242, 38.935539], [-76.970299, 38.934757]]"
20019,0.00014833373825240415,0.00014833373825240415,0.00014833373825240415,"[[-76.938118, 38.898731], [-76.936516, 38.896969], [-76.935387, 38.897469], [-76.932716, 38.896126], [-76.930565, 38.893295], [-76.928581, 38.892334], [-76.928528, 38.891335], [-76.931931, 38.88876], [-76.933044, 38.886871], [-76.935524, 38.88472], [-76.939148, 38.886703], [-76.939789, 38.88662], [-76.940514, 38.885536], [-76.941505, 38.886078], [-76.941345, 38.888504], [-76.94352, 38.888912], [-76.944511, 38.889565], [-76.945152, 38.891689], [-76.946495, 38.893337], [-76.946198, 38.894028], [-76.944252, 38.894337], [-76.943512, 38.896805], [-76.941498, 38.897324], [-76.940872, 38.898335], [-76.939514, 38.8992], [-76.938118, 38.898731]]","[[-76.938118, 38.898731], [-76.936516, 38.896969], [-76.935387, 38.897469], [-76.932716, 38.896126], [-76.930565, 38.893295], [-76.928581, 38.892334], [-76.928528, 38.891335], [-76.931931, 38.88876], [-76.933044, 38.886871], [-76.935524, 38.88472], [-76.939148, 38.886703], [-76.939789, 38.88662], [-76.940514, 38.885536], [-76.941505, 38.886078], [-76.941345, 38.888504], [-76.94352, 38.888912], [-76.944511, 38.889565], [-76.945152, 38.891689], [-76.946495, 38.893337], [-76.946198, 38.894028], [-76.944252, 38.894337], [-76.943512, 38.896805], [-76.941498, 38.897324], [-76.940872, 38.898335], [-76.939514, 38.8992], [-76.938118, 38.898731]]","[[-76.938118, 38.898731], [-76.936516, 38.896969], [-76.935387, 38.897469], [-76.932716, 38.896126], [-76.930565, 38.893295], [-76.928581, 38.892334], [-76.928528, 38.891335], [-76.931931, 38.88876], [-76.933044, 38.886871], [-76.935524, 38.88472], [-76.939148, 38.886703], [-76.939789, 38.88662], [-76.940514, 38.885536], [-76.941505, 38.886078], [-76.941345, 38.888504], [-76.94352, 38.888912], [-76.944511, 38.889565], [-76.945152, 38.891689], [-76.946495, 38.893337], [-76.946198, 38.894028], [-76.944252, 38.894337], [-76.943512, 38.896805], [-76.941498, 38.897324], [-76.940872, 38.898335], [-76.939514, 38.8992], [-76.938118, 38.898731]]"
20020,4.3715262108889874e-05,4.3715262108889874e-05,4.3715262108889874e-05,"[[-76.980591, 38.863037], [-76.97876, 38.860744], [-76.97776, 38.861771], [-76.975945, 38.861679], [-76.975998, 38.860096], [-76.976822, 38.859924], [-76.97686, 38.858768], [-76.975761, 38.858982], [-76.974762, 38.858322], [-76.973503, 38.858112], [-76.973755, 38.855415], [-76.976761, 38.854385], [-76.977478, 38.855148], [-76.979759, 38.855537], [-76.981529, 38.856865], [-76.979759, 38.857533], [-76.978638, 38.858864], [-76.980484, 38.859138], [-76.980652, 38.859962], [-76.982307, 38.86031], [-76.983315, 38.861298], [-76.983673, 38.862865], [-76.982613, 38.863716], [-76.980591, 38.863037]]","[[-76.980591, 38.863037], [-76.97876, 38.860744], [-76.97776, 38.861771], [-76.975945, 38.861679], [-76.975998, 38.860096], [-76.976822, 38.859924], [-76.97686, 38.858768], [-76.975761, 38.858982], [-76.974762, 38.858322], [-76.973503, 38.858112], [-76.973755, 38.855415], [-76.976761, 38.854385], [-76.977478, 38.855148], [-76.979759, 38.855537], [-76.981529, 38.856865], [-76.979759, 38.857533], [-76.978638, 38.858864], [-76.980484, 38.859138], [-76.980652, 38.859962], [-76.982307, 38.86031], [-76.983315, 38.861298], [-76.983673, 38.862865], [-76.982613, 38.863716], [-76.980591, 38.863037]]","[[-76.980591, 38.863037], [-76.97876, 38.860744], [-76.97776, 38.861771], [-76.975945, 38.861679], [-76.975998, 38.860096], [-76.976822, 38.859924], [-76.97686, 38.858768], [-76.975761, 38.858982], [-76.974762, 38.858322], [-76.973503, 38.858112], [-76.973755, 38.855415], [-76.976761, 38.854385], [-76.977478, 38.855148], [-76.979759, 38.855537], [-76.981529, 38.856865], [-76.979759, 38.857533], [-76.978638, 38.858864], [-76.980484, 38.859138], [-76.980652, 38.859962], [-76.982307, 38.86031], [-76.983315, 38.861298], [-76.983673, 38.862865], [-76.982613, 38.863716], [-76.980591, 38.863037]]"
20024,0.00010859637927751464,0.00010859637927751464,0.00010859637927751464,"[[-77.021957, 38.886059], [-77.018227, 38.882973], [-77.01722, 38.883999], [-77.01622, 38.881454], [-77.015221, 38.882088], [-77.014221, 38.880772], [-77.011993, 38.880016], [-77.011658, 38.878792], [-77.016174, 38.875793], [-77.01722, 38.874477], [-77.018349, 38.874916], [-77.020226, 38.873089], [-77.021858, 38.874794], [-77.022125, 38.876888], [-77.024925, 38.87709], [-77.026085, 38.878933], [-77.027626, 38.879391], [-77.027916, 38.8811], [-77.028687, 38.881794], [-77.028229, 38.882843], [-77.027229, 38.882332], [-77.026222, 38.883541], [-77.02523, 38.883263], [-77.021957, 38.886059]]","[[-77.021957, 38.886059], [-77.018227, 38.882973], [-77.01722, 38.883999], [-77.01622, 38.881454], [-77.015221, 38.882088], [-77.014221, 38.880772], [-77.011993, 38.880016], [-77.011658, 38.878792], [-77.016174, 38.875793], [-77.01722, 38.874477], [-77.018349, 38.874916], [-77.020226, 38.873089], [-77.021858, 38.874794], [-77.022125, 38.876888], [-77.024925, 38.87709], [-77.026085, 38.878933], [-77.027626, 38.879391], [-77.027916, 38.8811], [-77.028687, 38.881794], [-77.028229, 38.882843], [-77.027229, 38.882332], [-77.026222, 38.883541], [-77.02523, 38.883263], [-77.021957, 38.886059]]","[[-77.021957, 38.886059], [-77.018227, 38.882973], [-77.01722, 38.883999], [-77.01622, 38.881454], [-77.015221, 38.882088], [-77.014221, 38.880772], [-77.011993, 38.880016], [-77.011658, 38.878792], [-77.016174, 38.875793], [-77.01722, 38.874477], [-77.018349, 38.874916], [-77.020226, 38.873089], [-77.021858, 38.874794], [-77.022125, 38.876888], [-77.024925, 38.87709], [-77.026085, 38.878933], [-77.027626, 38.879391], [-77.027916, 38.8811], [-77.028687, 38.881794], [-77.028229, 38.882843], [-77.027229, 38.882332], [-77.026222, 38.883541], [-77.02523, 38.883263], [-77.021957, 38.886059]]"
20032,0.0001055877457929455,0.0001055877457929455,0.0001055877457929455,"[[-77.005119, 38.838806], [-77.004227, 38.837994], [-77.002846, 38.838081], [-77.002228, 38.837093], [-77.000214, 38.837578], [-76.998611, 38.835709], [-76.999619, 38.83511], [-77.000053, 38.83371], [-77.000114, 38.832706], [-76.999168, 38.830708], [-77.000221, 38.829773], [-77.001434, 38.829918], [-77.003227, 38.827496], [-77.003838, 38.828705], [-77.004395, 38.828884], [-77.005226, 38.825912], [-77.006615, 38.826309], [-77.010414, 38.829517], [-77.011757, 38.83017], [-77.012444, 38.831707], [-77.009888, 38.833385], [-77.00975, 38.834709], [-77.009224, 38.834843], [-77.009003, 38.835487], [-77.009079, 38.837563], [-77.008644, 38.838135], [-77.007225, 38.838299], [-77.005974, 38.838959], [-77.005119, 38.838806]]","[[-77.005119, 38.838806], [-77.004227, 38.837994], [-77.002846, 38.838081], [-77.002228, 38.837093], [-77.000214, 38.837578], [-76.998611, 38.835709], [-76.999619, 38.83511], [-77.000053, 38.83371], [-77.000114, 38.832706], [-76.999168, 38.830708], [-77.000221, 38.829773], [-77.001434, 38.829918], [-77.003227, 38.827496], [-77.003838, 38.828705], [-77.004395, 38.828884], [-77.005226, 38.825912], [-77.006615, 38.826309], [-77.010414, 38.829517], [-77.011757, 38.83017], [-77.012444, 38.831707], [-77.009888, 38.833385], [-77.00975, 38.834709], [-77.009224, 38.834843], [-77.009003, 38.835487], [-77.009079, 38.837563], [-77.008644, 38.838135], [-77.007225, 38.838299], [-77.005974, 38.838959], [-77.005119, 38.838806]]","[[-77.005119, 38.838806], [-77.004227, 38.837994], [-77.002846, 38.838081], [-77.002228, 38.837093], [-77.000214, 38.837578], [-76.998611, 38.835709], [-76.999619, 38.83511], [-77.000053, 38.83371], [-77.000114, 38.832706], [-76.999168, 38.830708], [-77.000221, 38.829773], [-77.001434, 38.829918], [-77.003227, 38.827496], [-77.003838, 38.828705], [-77.004395, 38.828884], [-77.005226, 38.825912], [-77.006615, 38.826309], [-77.010414, 38.829517], [-77.011757, 38.83017], [-77.012444, 38.831707], [-77.009888, 38.833385], [-77.00975, 38.834709], [-77.009224, 38.834843], [-77.009003, 38.835487], [-77.009079, 38.837563], [-77.008644, 38.838135], [-77.007225, 38.838299], [-77.005974, 38.838959], [-77.005119, 38.838806]]"
20036,0.0001475013257277169,0.0001475013257277169,0.0001475013257277169,"[[-77.041527, 38.914288], [-77.039764, 38.91396], [-77.035469, 38.911335], [-77.032471, 38.909054], [-77.032387, 38.907681], [-77.032623, 38.905907], [-77.035934, 38.905052], [-77.036789, 38.903084], [-77.038239, 38.901524], [-77.039764, 38.901058], [-77.040764, 38.901356], [-77.041763, 38.900902], [-77.043961, 38.902054], [-77.045441, 38.904053], [-77.045761, 38.905384], [-77.046761, 38.904354], [-77.04776, 38.904594], [-77.049599, 38.907051], [-77.047501, 38.910053], [-77.047653, 38.911053], [-77.045876, 38.913052], [-77.041527, 38.914288]]","[[-77.041527, 38.914288], [-77.039764, 38.91396], [-77.035469, 38.911335], [-77.032471, 38.909054], [-77.032387, 38.907681], [-77.032623, 38.905907], [-77.035934, 38.905052], [-77.036789, 38.903084], [-77.038239, 38.901524], [-77.039764, 38.901058], [-77.040764, 38.901356], [-77.041763, 38.900902], [-77.043961, 38.902054], [-77.045441, 38.904053], [-77.045761, 38.905384], [-77.046761, 38.904354], [-77.04776, 38.904594], [-77.049599, 38.907051], [-77.047501, 38.910053], [-77.047653, 38.911053], [-77.045876, 38.913052], [-77.041527, 38.914288]]","[[-77.041527, 38.914288], [-77.039764, 38.91396], [-77.035469, 38.911335], [-77.032471, 38.909054], [-77.032387, 38.907681], [-77.032623, 38.905907], [-77.035934, 38.905052], [-77.036789, 38.903084], [-77.038239, 38.901524], [-77.039764, 38.901058], [-77.040764, 38.901356], [-77.041763, 38.900902], [-77.043961, 38.902054], [-77.045441, 38.904053], [-77.045761, 38.905384], [-77.046761, 38.904354], [-77.04776, 38.904594], [-77.049599, 38.907051], [-77.047501, 38.910053], [-77.047653, 38.911053], [-77.045876, 38.913052], [-77.041527, 38.914288]]"
20037,8.832785056256398e-05,8.832785056256398e-05,8.832785056256398e-05,"[[-77.050842, 38.906364], [-77.047173, 38.904125], [-77.046143, 38.901119], [-77.046806, 38.899857], [-77.049278, 38.898121], [-77.050087, 38.896858], [-77.051369, 38.896843], [-77.052086, 38.897377], [-77.053085, 38.896484], [-77.055077, 38.896221], [-77.056549, 38.897118], [-77.056, 38.899204], [-77.057083, 38.899391], [-77.058083, 38.90094], [-77.059875, 38.902122], [-77.057526, 38.904564], [-77.052086, 38.905846], [-77.051086, 38.906631], [-77.050842, 38.906364]]","[[-77.050842, 38.906364], [-77.047173, 38.904125], [-77.046143, 38.901119], [-77.046806, 38.899857], [-77.049278, 38.898121], [-77.050087, 38.896858], [-77.051369, 38.896843], [-77.052086, 38.897377], [-77.053085, 38.896484], [-77.055077, 38.896221], [-77.056549, 38.897118], [-77.056, 38.899204], [-77.057083, 38.899391], [-77.058083, 38.90094], [-77.059875, 38.902122], [-77.057526, 38.904564], [-77.052086, 38.905846], [-77.051086, 38.906631], [-77.050842, 38.906364]]","[[-77.050842, 38.906364], [-77.047173, 38.904125], [-77.046143, 38.901119], [-77.046806, 38.899857], [-77.049278, 38.898121], [-77.050087, 38.896858], [-77.051369, 38.896843], [-77.052086, 38.897377], [-77.053085, 38.896484], [-77.055077, 38.896221], [-77.056549, 38.897118], [-77.056, 38.899204], [-77.057083, 38.899391], [-77.058083, 38.90094], [-77.059875, 38.902122], [-77.057526, 38.904564], [-77.052086, 38.905846], [-77.051086, 38.906631], [-77.050842, 38.906364]]"
